item_key,difficulty,content_field,claim_id,final_claim,source_url,source_sha256,page_or_section,evidence_excerpt,verdict,reviewed_revision
shinjuku-2026-r2-gian-43,normal,content,B43-N-01,令和8年6月10日に区長が提出した令和8年度一般会計の補正予算,https://www.city.shinjuku.lg.jp/content/000457640.pdf,ab16d01e092dce9b29e5d9f84d0aa46b2ec0d1e6fd86e3c2f92194be0a65c3b2,議案末尾,令和８年６月１０日 提出 新宿区長 吉住健一,supported,step4-content-r8-2
shinjuku-2026-r2-gian-43,normal,content,B43-N-02,"歳入歳出それぞれに289,657千円を追加する",https://www.city.shinjuku.lg.jp/content/000457640.pdf,ab16d01e092dce9b29e5d9f84d0aa46b2ec0d1e6fd86e3c2f92194be0a65c3b2,第1条,"歳入歳出予算の総額に歳入歳出それぞれ 289,657 千円を追加し",supported,step4-content-r8-2
shinjuku-2026-r2-gian-43,normal,content,B43-N-03,"補正後の一般会計の総額は189,582,998千円",https://www.city.shinjuku.lg.jp/content/000457640.pdf,ab16d01e092dce9b29e5d9f84d0aa46b2ec0d1e6fd86e3c2f92194be0a65c3b2,第1条,"歳入歳出予算の総額を歳入歳出それぞれ 189,582,998 千円とする",supported,step4-content-r8-2
shinjuku-2026-r2-gian-43,normal,content,B43-N-04,"補正前の総額189,293,341千円は補正第2号までを反映した額",https://www.city.shinjuku.lg.jp/content/000457640.pdf,ab16d01e092dce9b29e5d9f84d0aa46b2ec0d1e6fd86e3c2f92194be0a65c3b2,第1表 歳入歳出合計,"歳入合計 補正前予算額 189,293,341",supported,step4-content-r8-2
shinjuku-2026-r2-gian-43,normal,content,B43-N-05,"子ども家庭費の補正額は117,725千円",https://www.city.shinjuku.lg.jp/content/000457640.pdf,ab16d01e092dce9b29e5d9f84d0aa46b2ec0d1e6fd86e3c2f92194be0a65c3b2,第1表 歳出 6 子ども家庭費,"6 子ども家庭費 39,532,093 117,725 39,649,818",supported,step4-content-r8-2
shinjuku-2026-r2-gian-43,normal,content,B43-N-06,"保育所等緊急助成50,389千円。物価高騰対策として私立保育所等への支援を継続し実施期間を4月〜6月から4月〜3月に延長",https://www.city.shinjuku.lg.jp/content/000456355.pdf,94999df163452634a5f4a9a3181372668f3e57d7d9ae3577c729aed2cca5e2af,歳出 6 子ども家庭費(2),"保育所等緊急助成 50,389千円 食材料費等の物価高騰対策として、私立保育所等への支援を継続 ・実施期間 4月～6月 → 4月～3月",supported,step4-content-r8-2
shinjuku-2026-r2-gian-43,normal,content,B43-N-07,"保育所（設備整備）44,358千円。鶴巻南公園内保育園仮園舎を改修（令和8年8月〜12月）",https://www.city.shinjuku.lg.jp/content/000456355.pdf,94999df163452634a5f4a9a3181372668f3e57d7d9ae3577c729aed2cca5e2af,歳出 6 子ども家庭費(4),"保育所（設備整備） 44,358千円 早稲田南町保育園分園の仮移転先である鶴巻南公園内保育園仮園舎を改修 ・令和8年8月～12月 改修工事",supported,step4-content-r8-2
shinjuku-2026-r2-gian-43,normal,content,B43-N-08,"保育所（管理運営費）22,925千円。早稲田南町保育園分園を令和9年1月に移転予定",https://www.city.shinjuku.lg.jp/content/000456355.pdf,94999df163452634a5f4a9a3181372668f3e57d7d9ae3577c729aed2cca5e2af,歳出 6 子ども家庭費(3),"保育所（管理運営費） 22,925千円 早稲田南町保育園分園を鶴巻南公園内保育園仮園舎へ移転 ・令和9年1月 移転予定",supported,step4-content-r8-2
shinjuku-2026-r2-gian-43,normal,content,B43-N-09,子ども未来基金積立金53千円は寄附金の積立,https://www.city.shinjuku.lg.jp/content/000456355.pdf,94999df163452634a5f4a9a3181372668f3e57d7d9ae3577c729aed2cca5e2af,歳出 6 子ども家庭費(1),子ども未来基金積立金 53千円 寄附金の積立,supported,step4-content-r8-2
shinjuku-2026-r2-gian-43,normal,content,B43-N-10,"健康費109,998千円は予防接種（インフルエンザ）の増額で、定期接種における接種ワクチンの変更による",https://www.city.shinjuku.lg.jp/content/000456355.pdf,94999df163452634a5f4a9a3181372668f3e57d7d9ae3577c729aed2cca5e2af,歳出 7 健康費(1),"予防接種（インフルエンザ） 109,998千円 定期接種における接種ワクチンの変更による増額",supported,step4-content-r8-2
shinjuku-2026-r2-gian-43,normal,content,B43-N-11,対象者は75歳以上の者、標準量から高用量インフルエンザワクチンへ、接種回数1回、接種費用無料,https://www.city.shinjuku.lg.jp/content/000456355.pdf,94999df163452634a5f4a9a3181372668f3e57d7d9ae3577c729aed2cca5e2af,歳出 7 健康費(1),・対象者 75歳以上の者 ・接種ワクチン 標準量インフルエンザワクチン→高用量インフルエンザワクチン ・接種回数 1回 ・接種費用 無料,supported,step4-content-r8-2
shinjuku-2026-r2-gian-43,normal,content,B43-N-12,"教育費 学校支援体制の充実39,507千円。不登校児童への学習支援及び相談支援のため校内教育支援センター支援員を区立小学校15校に配置",https://www.city.shinjuku.lg.jp/content/000456355.pdf,94999df163452634a5f4a9a3181372668f3e57d7d9ae3577c729aed2cca5e2af,歳出 10 教育費(1),"学校支援体制の充実 39,507千円 不登校児童への学習支援及び相談支援のため、校内教育支援センター支援員を配置 ・区立小学校 15校",supported,step4-content-r8-2
shinjuku-2026-r2-gian-43,normal,content,B43-N-13,"健康保険料及び厚生年金保険料等8,147千円は支援員の社会保険料等",https://www.city.shinjuku.lg.jp/content/000456355.pdf,94999df163452634a5f4a9a3181372668f3e57d7d9ae3577c729aed2cca5e2af,歳出 10 教育費(2),"健康保険料及び厚生年金保険料等 8,147千円 校内教育支援センター支援員の社会保険料等",supported,step4-content-r8-2
shinjuku-2026-r2-gian-43,normal,content,B43-N-14,私立幼稚園緊急助成554千円。実施期間を4月〜6月から4月〜3月に延長,https://www.city.shinjuku.lg.jp/content/000456355.pdf,94999df163452634a5f4a9a3181372668f3e57d7d9ae3577c729aed2cca5e2af,歳出 10 教育費(3),私立幼稚園緊急助成 554千円 食材料費等の物価高騰対策として、私立幼稚園への支援を継続 ・実施期間 4月～6月 → 4月～3月,supported,step4-content-r8-2
shinjuku-2026-r2-gian-43,normal,content,B43-N-15,"環境清掃費9,853千円は空き缶等の散乱及び路上喫煙による被害の防止に関する条例の改正に伴う普及啓発",https://www.city.shinjuku.lg.jp/content/000456355.pdf,94999df163452634a5f4a9a3181372668f3e57d7d9ae3577c729aed2cca5e2af,歳出 8 環境清掃費(1),"ポイ捨て防止ときれいなまちづくり 9,853千円 「新宿区空き缶等の散乱及び路上喫煙による被害の防止に関する条例」の改正に伴う普及啓発",supported,step4-content-r8-2
shinjuku-2026-r2-gian-43,normal,content,B43-N-16,"土木費 公共下水道の整備（工事費）1,622千円は整備計画変更に伴う増額で対象は江戸川橋通り第Ⅱ期",https://www.city.shinjuku.lg.jp/content/000456355.pdf,94999df163452634a5f4a9a3181372668f3e57d7d9ae3577c729aed2cca5e2af,歳出 9 土木費(1),"公共下水道の整備（工事費） 1,622千円 整備計画変更に伴い工事費を増額 ・江戸川橋通り第Ⅱ期",supported,step4-content-r8-2
shinjuku-2026-r2-gian-43,normal,content,B43-N-17,"市街地再開発の事業化支援（下宮比町地区）2,221千円は市街地再開発準備組合への活動支援",https://www.city.shinjuku.lg.jp/content/000456355.pdf,94999df163452634a5f4a9a3181372668f3e57d7d9ae3577c729aed2cca5e2af,歳出 9 土木費(2),"市街地再開発の事業化支援（下宮比町地区） 2,221千円 市街地再開発準備組合への活動支援 ・下宮比町地区",supported,step4-content-r8-2
shinjuku-2026-r2-gian-43,normal,content,B43-N-18,文化観光産業費30千円は夏目漱石記念施設整備基金積立金（寄附金の積立）,https://www.city.shinjuku.lg.jp/content/000456355.pdf,94999df163452634a5f4a9a3181372668f3e57d7d9ae3577c729aed2cca5e2af,歳出 4 文化観光産業費(1),夏目漱石記念施設整備基金積立金 30千円 寄附金の積立,supported,step4-content-r8-2
shinjuku-2026-r2-gian-43,normal,content,B43-N-19,"歳入の都支出金21,420千円は校内教育支援センター設置推進事業費補助金",https://www.city.shinjuku.lg.jp/content/000456355.pdf,94999df163452634a5f4a9a3181372668f3e57d7d9ae3577c729aed2cca5e2af,歳入 14 都支出金,"校内教育支援センター設置推進事業費 21,420千円",supported,step4-content-r8-2
shinjuku-2026-r2-gian-43,normal,content,B43-N-20,歳入の寄附金83千円の内訳は夏目漱石記念施設整備基金寄附金30千円と子ども未来基金寄附金53千円,https://www.city.shinjuku.lg.jp/content/000456355.pdf,94999df163452634a5f4a9a3181372668f3e57d7d9ae3577c729aed2cca5e2af,歳入 16 寄附金,夏目漱石記念施設整備基金寄附金 30千円 子ども未来基金寄附金 53千円,supported,step4-content-r8-2
shinjuku-2026-r2-gian-43,normal,content,B43-N-21,"歳入の繰入金257,524千円は財政調整基金繰入金",https://www.city.shinjuku.lg.jp/content/000456355.pdf,94999df163452634a5f4a9a3181372668f3e57d7d9ae3577c729aed2cca5e2af,歳入 17 繰入金,"財政調整基金繰入金 257,524千円",supported,step4-content-r8-2
shinjuku-2026-r2-gian-43,normal,content,B43-N-22,"歳入の諸収入10,630千円の内訳は受託事業収入（予防接種費5,930千円・公共下水道整備費1,622千円）と雑入（労働保険料納付金173千円・厚生年金保険料納付金2,905千円）",https://www.city.shinjuku.lg.jp/content/000456355.pdf,94999df163452634a5f4a9a3181372668f3e57d7d9ae3577c729aed2cca5e2af,歳入 19 諸収入,"（受託事業収入）予防接種費 5,930千円 公共下水道整備費 1,622千円 （雑入）労働保険料納付金 173千円 厚生年金保険料納付金 2,905千円",supported,step4-content-r8-2
shinjuku-2026-r2-gian-43,normal,content,B43-N-23,"財政調整基金の今回取崩額は257,524千円、令和8年度末現在高見込額は25,922,146千円",https://www.city.shinjuku.lg.jp/content/000456355.pdf,94999df163452634a5f4a9a3181372668f3e57d7d9ae3577c729aed2cca5e2af,歳入 17 繰入金 財政調整基金現在高見込み,"今回取崩額 257,524千円 8年度末現在高見込額 25,922,146千円",supported,step4-content-r8-2
shinjuku-2026-r2-gian-43,normal,content,B43-N-24,"債務負担行為 道路の改良は令和9年度・242,876千円から令和9年度〜令和10年度・258,776千円へ",https://www.city.shinjuku.lg.jp/content/000457640.pdf,ab16d01e092dce9b29e5d9f84d0aa46b2ec0d1e6fd86e3c2f92194be0a65c3b2,第2表,"道路の改良 令和９年度 ２４２,８７６ 令和９年度～令和10年度 ２５８,７７６",supported,step4-content-r8-2
shinjuku-2026-r2-gian-43,normal,content,B43-N-25,"債務負担行為 公共下水道の整備は令和9年度・8,721千円から令和9年度〜令和10年度・11,154千円へ",https://www.city.shinjuku.lg.jp/content/000457640.pdf,ab16d01e092dce9b29e5d9f84d0aa46b2ec0d1e6fd86e3c2f92194be0a65c3b2,第2表,"公共下水道の整備 令和９年度 ８,７２１ 令和９年度～令和10年度 １１,１５４",supported,step4-content-r8-2
shinjuku-2026-r2-gian-43,normal,content,B43-N-26,変更の理由はいずれも整備計画を変更するため,https://www.city.shinjuku.lg.jp/content/000456355.pdf,94999df163452634a5f4a9a3181372668f3e57d7d9ae3577c729aed2cca5e2af,【債務負担行為（工事請負契約等）】,整備計画を変更するため,supported,step4-content-r8-2
shinjuku-2026-r2-gian-43,normal,content,B43-N-27,令和8年第2回定例会（会期6月10日〜6月19日）で原案可決された,https://www.city.shinjuku.lg.jp/kusei/soumu01_002090_00016.html,72349f6e321e79ccc3076036e07386763398510bfb6bb2154b4cd3d6a2d85d58,議決結果ページ,第43号議案 原案可決,supported,step4-content-r8-2
shinjuku-2026-r2-gian-43,normal,title,B43-N-28,表題「保育・予防接種・不登校支援の追加（一般会計補正予算 第3号）」は歳出上位3款の事業を指す編集上の見出し,https://www.city.shinjuku.lg.jp/content/000456355.pdf,94999df163452634a5f4a9a3181372668f3e57d7d9ae3577c729aed2cca5e2af,歳出 6・7・10 款,"子ども家庭費 117,725千円／健康費 109,998千円／教育費 48,208千円",supported,step4-content-r8-2
shinjuku-2026-r2-gian-43,normal,summary,B43-N-29,要約に記載の金額・事業はいずれも本文の主張と同一,https://www.city.shinjuku.lg.jp/content/000456355.pdf,94999df163452634a5f4a9a3181372668f3e57d7d9ae3577c729aed2cca5e2af,歳出全般,"（本文 B43-N-02, 06, 11, 12, 14 と同一の記載）",supported,step4-content-r8-2
shinjuku-2026-r2-gian-43,hard,content,B43-H-01,提出日は令和8年6月10日、提出者は新宿区長 吉住健一,https://www.city.shinjuku.lg.jp/content/000457640.pdf,ab16d01e092dce9b29e5d9f84d0aa46b2ec0d1e6fd86e3c2f92194be0a65c3b2,議案末尾,令和８年６月１０日 提出 新宿区長 吉住健一,supported,step4-content-r8-2
shinjuku-2026-r2-gian-43,hard,content,B43-H-02,"第1条は歳入歳出予算の総額にそれぞれ289,657千円を追加し189,582,998千円とする",https://www.city.shinjuku.lg.jp/content/000457640.pdf,ab16d01e092dce9b29e5d9f84d0aa46b2ec0d1e6fd86e3c2f92194be0a65c3b2,第1条,"歳入歳出それぞれ 289,657 千円を追加し、歳入歳出予算の総額を歳入歳出それぞれ 189,582,998 千円とする",supported,step4-content-r8-2
shinjuku-2026-r2-gian-43,hard,content,B43-H-03,第2条は工事請負契約等に関する債務負担行為の変更を第2表による,https://www.city.shinjuku.lg.jp/content/000457640.pdf,ab16d01e092dce9b29e5d9f84d0aa46b2ec0d1e6fd86e3c2f92194be0a65c3b2,第2条,工事請負契約等に関する債務負担行為の変更は、「第２表 債務負担行為（工事請負契約等）補正」による,supported,step4-content-r8-2
shinjuku-2026-r2-gian-43,hard,content,B43-H-04,"歳入 14都支出金 17,118,666＋21,420＝17,140,086千円、うち2都補助金 8,356,597＋21,420＝8,378,017千円",https://www.city.shinjuku.lg.jp/content/000457640.pdf,ab16d01e092dce9b29e5d9f84d0aa46b2ec0d1e6fd86e3c2f92194be0a65c3b2,第1表 歳入,"14 都支出金 17,118,666 21,420 17,140,086 ／ 2 都補助金 8,356,597 21,420 8,378,017",supported,step4-content-r8-2
shinjuku-2026-r2-gian-43,hard,content,B43-H-05,"歳入 16寄附金 1,639,408＋83＝1,639,491千円（1寄附金も同額）",https://www.city.shinjuku.lg.jp/content/000457640.pdf,ab16d01e092dce9b29e5d9f84d0aa46b2ec0d1e6fd86e3c2f92194be0a65c3b2,第1表 歳入,"16 寄附金 1,639,408 83 1,639,491 ／ 1 寄附金 1,639,408 83 1,639,491",supported,step4-content-r8-2
shinjuku-2026-r2-gian-43,hard,content,B43-H-06,"歳入 17繰入金 3,408,793＋257,524＝3,666,317千円（1基金繰入金も同額）",https://www.city.shinjuku.lg.jp/content/000457640.pdf,ab16d01e092dce9b29e5d9f84d0aa46b2ec0d1e6fd86e3c2f92194be0a65c3b2,第1表 歳入,"17 繰入金 3,408,793 257,524 3,666,317 ／ 1 基金繰入金 3,408,793 257,524 3,666,317",supported,step4-content-r8-2
shinjuku-2026-r2-gian-43,hard,content,B43-H-07,"歳入 19諸収入 3,234,075＋10,630＝3,244,705千円、4受託事業収入＋7,552、6雑入＋3,078",https://www.city.shinjuku.lg.jp/content/000457640.pdf,ab16d01e092dce9b29e5d9f84d0aa46b2ec0d1e6fd86e3c2f92194be0a65c3b2,第1表 歳入,"19 諸収入 3,234,075 10,630 3,244,705 ／ 4 受託事業収入 1,064,261 7,552 1,071,813 ／ 6 雑入 1,465,617 3,078 1,468,695",supported,step4-content-r8-2
shinjuku-2026-r2-gian-43,hard,content,B43-H-08,"歳入合計 189,293,341＋289,657＝189,582,998千円",https://www.city.shinjuku.lg.jp/content/000457640.pdf,ab16d01e092dce9b29e5d9f84d0aa46b2ec0d1e6fd86e3c2f92194be0a65c3b2,第1表 歳入合計,"歳入合計 189,293,341 289,657 189,582,998",supported,step4-content-r8-2
shinjuku-2026-r2-gian-43,hard,content,B43-H-09,歳出 4文化観光産業費＋30（1文化観光費＋30）,https://www.city.shinjuku.lg.jp/content/000457640.pdf,ab16d01e092dce9b29e5d9f84d0aa46b2ec0d1e6fd86e3c2f92194be0a65c3b2,第1表 歳出,"4 文化観光産業費 5,222,107 30 5,222,137 ／ 1 文化観光費 2,275,836 30 2,275,866",supported,step4-content-r8-2
shinjuku-2026-r2-gian-43,hard,content,B43-H-10,"歳出 6子ども家庭費＋117,725（1子ども家庭費＋117,725）",https://www.city.shinjuku.lg.jp/content/000457640.pdf,ab16d01e092dce9b29e5d9f84d0aa46b2ec0d1e6fd86e3c2f92194be0a65c3b2,第1表 歳出,"6 子ども家庭費 39,532,093 117,725 39,649,818 ／ 1 子ども家庭費 39,532,093 117,725 39,649,818",supported,step4-content-r8-2
shinjuku-2026-r2-gian-43,hard,content,B43-H-11,"歳出 7健康費＋109,998（1健康推進費＋109,998）",https://www.city.shinjuku.lg.jp/content/000457640.pdf,ab16d01e092dce9b29e5d9f84d0aa46b2ec0d1e6fd86e3c2f92194be0a65c3b2,第1表 歳出,"7 健康費 17,698,743 109,998 17,808,741 ／ 1 健康推進費 17,569,817 109,998 17,679,815",supported,step4-content-r8-2
shinjuku-2026-r2-gian-43,hard,content,B43-H-12,"歳出 8環境清掃費＋9,853（1環境清掃費＋9,853）",https://www.city.shinjuku.lg.jp/content/000457640.pdf,ab16d01e092dce9b29e5d9f84d0aa46b2ec0d1e6fd86e3c2f92194be0a65c3b2,第1表 歳出,"8 環境清掃費 10,983,940 9,853 10,993,793 ／ 1 環境清掃費 10,983,940 9,853 10,993,793",supported,step4-content-r8-2
shinjuku-2026-r2-gian-43,hard,content,B43-H-13,"歳出 9土木費＋3,843（2道路橋りょう費＋1,622、5都市計画費＋2,221）",https://www.city.shinjuku.lg.jp/content/000457640.pdf,ab16d01e092dce9b29e5d9f84d0aa46b2ec0d1e6fd86e3c2f92194be0a65c3b2,第1表 歳出,"9 土木費 12,939,349 3,843 12,943,192 ／ 2 道路橋りょう費 4,643,695 1,622 4,645,317 ／ 5 都市計画費 1,069,183 2,221 1,071,404",supported,step4-content-r8-2
shinjuku-2026-r2-gian-43,hard,content,B43-H-14,"歳出 10教育費＋48,208（1教育総務費＋47,654、6幼稚園費＋554）",https://www.city.shinjuku.lg.jp/content/000457640.pdf,ab16d01e092dce9b29e5d9f84d0aa46b2ec0d1e6fd86e3c2f92194be0a65c3b2,第1表 歳出,"10 教育費 19,046,714 48,208 19,094,922 ／ 1 教育総務費 7,248,815 47,654 7,296,469 ／ 6 幼稚園費 1,694,325 554 1,694,879",supported,step4-content-r8-2
shinjuku-2026-r2-gian-43,hard,content,B43-H-15,"歳出合計 189,293,341＋289,657＝189,582,998千円",https://www.city.shinjuku.lg.jp/content/000457640.pdf,ab16d01e092dce9b29e5d9f84d0aa46b2ec0d1e6fd86e3c2f92194be0a65c3b2,第1表 歳出合計,"歳出合計 189,293,341 289,657 189,582,998",supported,step4-content-r8-2
shinjuku-2026-r2-gian-43,hard,content,B43-H-16,事業名と金額の対応は概要資料によるものであり、議案本文は款項までの区分である旨の注記,https://www.city.shinjuku.lg.jp/content/000457640.pdf,ab16d01e092dce9b29e5d9f84d0aa46b2ec0d1e6fd86e3c2f92194be0a65c3b2,第1表 全体,第1表は款・項の区分と金額のみを掲げ、事業名の記載はない,supported,step4-content-r8-2
shinjuku-2026-r2-gian-43,hard,content,B43-H-17,概要資料の事業別内訳12件（金額・説明）は概要資料の記載どおり,https://www.city.shinjuku.lg.jp/content/000456355.pdf,94999df163452634a5f4a9a3181372668f3e57d7d9ae3577c729aed2cca5e2af,歳出 各款,（本文 B43-N-06〜N-18 と同一の記載）,supported,step4-content-r8-2
shinjuku-2026-r2-gian-43,hard,content,B43-H-18,"財政調整基金繰入金の予算額は1,983,504千円から2,241,028千円になる",https://www.city.shinjuku.lg.jp/content/000456355.pdf,94999df163452634a5f4a9a3181372668f3e57d7d9ae3577c729aed2cca5e2af,歳入 17 繰入金,"補正前予算額 1,983,504千円 今回補正額 257,524千円 補正後予算額 2,241,028千円",supported,step4-content-r8-2
shinjuku-2026-r2-gian-43,hard,content,B43-H-19,"財政調整基金 令和7年度末現在高見込額26,668,934千円／既計上積立額1,494,240千円／既計上取崩額1,983,504千円／今回取崩額257,524千円／令和8年度末現在高見込額25,922,146千円",https://www.city.shinjuku.lg.jp/content/000456355.pdf,94999df163452634a5f4a9a3181372668f3e57d7d9ae3577c729aed2cca5e2af,歳入 17 繰入金 財政調整基金現在高見込み,"7年度末現在高見込額 26,668,934千円 既計上積立額 1,494,240千円 既計上取崩額 1,983,504千円 今回取崩額 257,524千円 8年度末現在高見込額 25,922,146千円",supported,step4-content-r8-2
shinjuku-2026-r2-gian-43,hard,content,B43-H-20,第2表の債務負担行為2件の期間・限度額の補正前後,https://www.city.shinjuku.lg.jp/content/000457640.pdf,ab16d01e092dce9b29e5d9f84d0aa46b2ec0d1e6fd86e3c2f92194be0a65c3b2,第2表,"道路の改良／公共下水道の整備 各行（B43-N-24, N-25 と同一）",supported,step4-content-r8-2
shinjuku-2026-r2-gian-43,hard,content,B43-H-21,概要資料の事業区分と議案本文の項との対応関係は出典に記載がない,https://www.city.shinjuku.lg.jp/content/000456355.pdf,94999df163452634a5f4a9a3181372668f3e57d7d9ae3577c729aed2cca5e2af,歳出 9 土木費,概要資料は事業名のみを掲げ、項（道路橋りょう費・都市計画費）との対応を明示していない,needs_source,step4-content-r8-2
shinjuku-2026-r2-gian-43,hard,content,B43-H-22,ワクチン変更の理由・接種者数・効果の見込みは出典に記載がない,https://www.city.shinjuku.lg.jp/content/000456355.pdf,94999df163452634a5f4a9a3181372668f3e57d7d9ae3577c729aed2cca5e2af,歳出 7 健康費(1),概要資料の記載は「定期接種における接種ワクチンの変更による増額」までである,needs_source,step4-content-r8-2
shinjuku-2026-r2-gian-43,hard,content,B43-H-23,区立小学校15校の校名・支援員の人数・勤務形態は出典に記載がない,https://www.city.shinjuku.lg.jp/content/000456355.pdf,94999df163452634a5f4a9a3181372668f3e57d7d9ae3577c729aed2cca5e2af,歳出 10 教育費(1),概要資料の記載は「・区立小学校 15校」までである,needs_source,step4-content-r8-2
shinjuku-2026-r2-gian-43,hard,content,B43-H-24,保育園分園移転の理由・移転後の定員・本移転の時期は出典に記載がない,https://www.city.shinjuku.lg.jp/content/000456355.pdf,94999df163452634a5f4a9a3181372668f3e57d7d9ae3577c729aed2cca5e2af,歳出 6 子ども家庭費(3)(4),概要資料の記載は移転先・時期・改修期間までである,needs_source,step4-content-r8-2
shinjuku-2026-r2-gian-43,hard,content,B43-H-25,市街地再開発の事業化支援の事業内容・区域・スケジュールは出典に記載がない,https://www.city.shinjuku.lg.jp/content/000456355.pdf,94999df163452634a5f4a9a3181372668f3e57d7d9ae3577c729aed2cca5e2af,歳出 9 土木費(2),概要資料の記載は「市街地再開発準備組合への活動支援 ・下宮比町地区」までである,needs_source,step4-content-r8-2
shinjuku-2026-r2-gian-43,hard,summary,B43-H-26,要約に記載の款・金額はいずれも第1表の主張と同一,https://www.city.shinjuku.lg.jp/content/000457640.pdf,ab16d01e092dce9b29e5d9f84d0aa46b2ec0d1e6fd86e3c2f92194be0a65c3b2,第1表,"（本文 B43-H-02, H-04〜H-15 と同一の記載）",supported,step4-content-r8-2
shinjuku-2026-r2-gian-44,normal,content,B44-N-01,改正対象は新宿区総合計画の議決に関する条例（平成19年新宿区条例第61号）,https://www.city.shinjuku.lg.jp/content/000457643.pdf,fe0e6cc914f3a9753a90bb19ab4c8090147fb1aa24bc959a321fb353c31c8eab,改め文冒頭,新宿区総合計画の議決に関する条例（平成 19 年新宿区条例第 61 号）の一部を次のように改正する,supported,step4-content-r8-2
shinjuku-2026-r2-gian-44,normal,content,B44-N-02,新設される第3条第1項は「区長は、新宿区基本構想を策定するに当たっては、議会の議決を経なければならない。これを変更しようとする場合も同様とする。」,https://www.city.shinjuku.lg.jp/content/000457643.pdf,fe0e6cc914f3a9753a90bb19ab4c8090147fb1aa24bc959a321fb353c31c8eab,第3条改正規定,区長は、新宿区基本構想を策定するに当たっては、議会の議決を経なければならない。これを変更しようとする場合も同様とする。,supported,step4-content-r8-2
shinjuku-2026-r2-gian-44,normal,content,B44-N-03,策定するときだけでなく変更しようとするときも議決が必要になる,https://www.city.shinjuku.lg.jp/content/000457643.pdf,fe0e6cc914f3a9753a90bb19ab4c8090147fb1aa24bc959a321fb353c31c8eab,第3条改正規定,これを変更しようとする場合も同様とする,supported,step4-content-r8-2
shinjuku-2026-r2-gian-44,normal,content,B44-N-04,題名を「新宿区基本構想及び新宿区総合計画の議決に関する条例」に改める,https://www.city.shinjuku.lg.jp/content/000457643.pdf,fe0e6cc914f3a9753a90bb19ab4c8090147fb1aa24bc959a321fb353c31c8eab,題名改正規定,題名中「新宿区総合計画」を「新宿区基本構想及び新宿区総合計画」に改める,supported,step4-content-r8-2
shinjuku-2026-r2-gian-44,normal,content,B44-N-05,改正後第2条第1号の新宿区基本構想の定義,https://www.city.shinjuku.lg.jp/content/000457643.pdf,fe0e6cc914f3a9753a90bb19ab4c8090147fb1aa24bc959a321fb353c31c8eab,第2条第1号,新宿区基本構想審議会条例（昭和 60 年新宿区条例第 3 号）第 2 条の規定による新宿区基本構想審議会の答申（以下「答申」という。）を受けて定める新宿区における総合的かつ計画的な行政の運営を図るための基本的な構想をいう,supported,step4-content-r8-2
shinjuku-2026-r2-gian-44,normal,content,B44-N-06,改正後第2条第2号の新宿区総合計画の定義,https://www.city.shinjuku.lg.jp/content/000457643.pdf,fe0e6cc914f3a9753a90bb19ab4c8090147fb1aa24bc959a321fb353c31c8eab,第2条第2号,答申を受けて定める区の基本計画（施策の方向性を示した行財政運営の指針をいう。）及び都市計画法（昭和 43 年法律第 100 号）第 18 条の 2 第 1 項の規定により定める区の都市計画に関する基本的な方針を総合化したものをいう,supported,step4-content-r8-2
shinjuku-2026-r2-gian-44,normal,content,B44-N-07,どちらも新宿区基本構想審議会の答申を受けて定めるものである,https://www.city.shinjuku.lg.jp/content/000457643.pdf,fe0e6cc914f3a9753a90bb19ab4c8090147fb1aa24bc959a321fb353c31c8eab,第2条第1号・第2号,（両号とも「答申を受けて定める」と規定）,supported,step4-content-r8-2
shinjuku-2026-r2-gian-44,normal,content,B44-N-08,提案理由は「新宿区基本構想を地方自治法（昭和22年法律第67号）第96条第2項の規定に基づく議決すべき事件とする必要があるため」,https://www.city.shinjuku.lg.jp/content/000457643.pdf,fe0e6cc914f3a9753a90bb19ab4c8090147fb1aa24bc959a321fb353c31c8eab,提案理由,新宿区基本構想を地方自治法（昭和 22 年法律第 67 号）第 96 条第 2 項の規定に基づく議決すべき事件とする必要があるため,supported,step4-content-r8-2
shinjuku-2026-r2-gian-44,normal,content,B44-N-09,第1条に「新宿区基本構想及び」を書き加える,https://www.city.shinjuku.lg.jp/content/000457643.pdf,fe0e6cc914f3a9753a90bb19ab4c8090147fb1aa24bc959a321fb353c31c8eab,第1条改正規定,第 1 条中「基づき、」の次に「新宿区基本構想及び」を加える,supported,step4-content-r8-2
shinjuku-2026-r2-gian-44,normal,content,B44-N-10,第4条は引用を「前条第1項又は第2項」から「前条各項」に改め「新宿区基本構想又は」を加える,https://www.city.shinjuku.lg.jp/content/000457643.pdf,fe0e6cc914f3a9753a90bb19ab4c8090147fb1aa24bc959a321fb353c31c8eab,第4条改正規定,第 4 条中「前条第 1 項又は第 2 項」を「前条各項」に改め、「経て、」の次に「新宿区基本構想又は」を加える,supported,step4-content-r8-2
shinjuku-2026-r2-gian-44,normal,content,B44-N-11,第3条は既存の第1項・第2項がそれぞれ第2項・第3項に繰り下がる,https://www.city.shinjuku.lg.jp/content/000457643.pdf,fe0e6cc914f3a9753a90bb19ab4c8090147fb1aa24bc959a321fb353c31c8eab,第3条改正規定,第 3 条中第 2 項を第 3 項とし、第 1 項を第 2 項とし、同条に第 1 項として次の 1 項を加える,supported,step4-content-r8-2
shinjuku-2026-r2-gian-44,normal,content,B44-N-12,公布の日から施行する,https://www.city.shinjuku.lg.jp/content/000457643.pdf,fe0e6cc914f3a9753a90bb19ab4c8090147fb1aa24bc959a321fb353c31c8eab,附則,この条例は、公布の日から施行する,supported,step4-content-r8-2
shinjuku-2026-r2-gian-44,normal,content,B44-N-13,令和8年第2回定例会（会期6月10日〜6月19日）で原案可決された,https://www.city.shinjuku.lg.jp/kusei/soumu01_002090_00016.html,72349f6e321e79ccc3076036e07386763398510bfb6bb2154b4cd3d6a2d85d58,議決結果ページ,第44号議案 原案可決,supported,step4-content-r8-2
shinjuku-2026-r2-gian-44,normal,content,B44-N-14,地方自治法第96条第2項は条例で議決すべき事件を定めることができるとする規定である（提案理由の前提として示した一般的説明）,https://www.city.shinjuku.lg.jp/content/000457643.pdf,fe0e6cc914f3a9753a90bb19ab4c8090147fb1aa24bc959a321fb353c31c8eab,提案理由,提案理由が同項を根拠として掲げていることによる。条文そのものは本資料に含まれない,needs_source,step4-content-r8-2
shinjuku-2026-r2-gian-44,normal,title,B44-N-15,表題「区の基本構想をつくるとき区議会の議決を必要とする条例改正」は新設第3条第1項の内容を言い換えた編集上の見出し,https://www.city.shinjuku.lg.jp/content/000457643.pdf,fe0e6cc914f3a9753a90bb19ab4c8090147fb1aa24bc959a321fb353c31c8eab,第3条改正規定,（B44-N-02 と同一の根拠）,supported,step4-content-r8-2
shinjuku-2026-r2-gian-44,normal,summary,B44-N-16,要約の内容はいずれも本文の主張と同一,https://www.city.shinjuku.lg.jp/content/000457643.pdf,fe0e6cc914f3a9753a90bb19ab4c8090147fb1aa24bc959a321fb353c31c8eab,改め文全般,"（本文 B44-N-02, N-04, N-12 と同一の記載）",supported,step4-content-r8-2
shinjuku-2026-r2-gian-44,hard,content,B44-H-01,提案理由の全文引用,https://www.city.shinjuku.lg.jp/content/000457643.pdf,fe0e6cc914f3a9753a90bb19ab4c8090147fb1aa24bc959a321fb353c31c8eab,提案理由,（B44-N-08 と同一）,supported,step4-content-r8-2
shinjuku-2026-r2-gian-44,hard,content,B44-H-02,提出日は令和8年6月10日、提出者は新宿区長 吉住健一,https://www.city.shinjuku.lg.jp/content/000457643.pdf,fe0e6cc914f3a9753a90bb19ab4c8090147fb1aa24bc959a321fb353c31c8eab,議案冒頭,上記の議案を提出する。令和８年６月１０日 提出者 新宿区長 吉住健一,supported,step4-content-r8-2
shinjuku-2026-r2-gian-44,hard,content,B44-H-03,改め文は題名・第1条・第2条・第3条・第4条の5点を改正する,https://www.city.shinjuku.lg.jp/content/000457643.pdf,fe0e6cc914f3a9753a90bb19ab4c8090147fb1aa24bc959a321fb353c31c8eab,改め文全体,題名中／第 1 条中／第 2 条を次のように改める／第 3 条中／第 4 条中 の5つの改正規定,supported,step4-content-r8-2
shinjuku-2026-r2-gian-44,hard,content,B44-H-04,新設第3条第1項の全文引用,https://www.city.shinjuku.lg.jp/content/000457643.pdf,fe0e6cc914f3a9753a90bb19ab4c8090147fb1aa24bc959a321fb353c31c8eab,第3条改正規定,（B44-N-02 と同一）,supported,step4-content-r8-2
shinjuku-2026-r2-gian-44,hard,content,B44-H-05,第4条の改正は第3条の項の繰り下がりを受けて全項を引く形に改めるもの,https://www.city.shinjuku.lg.jp/content/000457643.pdf,fe0e6cc914f3a9753a90bb19ab4c8090147fb1aa24bc959a321fb353c31c8eab,第3条・第4条改正規定,第 3 条中第 2 項を第 3 項とし、第 1 項を第 2 項とし／第 4 条中「前条第 1 項又は第 2 項」を「前条各項」に改め,supported,step4-content-r8-2
shinjuku-2026-r2-gian-44,hard,content,B44-H-06,改正後第2条（定義）の全文引用,https://www.city.shinjuku.lg.jp/content/000457643.pdf,fe0e6cc914f3a9753a90bb19ab4c8090147fb1aa24bc959a321fb353c31c8eab,第2条,"（B44-N-05, N-06 と同一）",supported,step4-content-r8-2
shinjuku-2026-r2-gian-44,hard,content,B44-H-07,両号とも同一の「答申」を起点としている,https://www.city.shinjuku.lg.jp/content/000457643.pdf,fe0e6cc914f3a9753a90bb19ab4c8090147fb1aa24bc959a321fb353c31c8eab,第2条第1号・第2号,第1号で「以下「答申」という。」と定義し、第2号が「答申を受けて定める」と受ける,supported,step4-content-r8-2
shinjuku-2026-r2-gian-44,hard,content,B44-H-08,概要資料の記載の引用,https://www.city.shinjuku.lg.jp/content/000456353.pdf,e1be5ac0c08d22dc59916c81fd24bd972ef44b601f8cd65ba76fc5d1f9d35c92,第44号議案の欄,新宿区基本構想の策定及び変更を議決事項とするとともに、題名を「新宿区基本構想及び新宿区総合計画の議決に関する条例」に改める。［施行日］公布の日,supported,step4-content-r8-2
shinjuku-2026-r2-gian-44,hard,content,B44-H-09,附則は「この条例は、公布の日から施行する。」のみで経過措置の定めがない,https://www.city.shinjuku.lg.jp/content/000457643.pdf,fe0e6cc914f3a9753a90bb19ab4c8090147fb1aa24bc959a321fb353c31c8eab,附則,この条例は、公布の日から施行する。（附則は他に規定を置かない）,supported,step4-content-r8-2
shinjuku-2026-r2-gian-44,hard,content,B44-H-10,改正前の第1条・第3条・第4条の条文および改正後の確定条文は出典に含まれない,https://www.city.shinjuku.lg.jp/content/000457643.pdf,fe0e6cc914f3a9753a90bb19ab4c8090147fb1aa24bc959a321fb353c31c8eab,改め文全体,議案は改め文形式であり、改正前後の条文全体は掲載されていない,needs_source,step4-content-r8-2
shinjuku-2026-r2-gian-44,hard,content,B44-H-11,新宿区基本構想の現行の内容・策定時期・次期策定予定は出典に記載がない,https://www.city.shinjuku.lg.jp/content/000457643.pdf,fe0e6cc914f3a9753a90bb19ab4c8090147fb1aa24bc959a321fb353c31c8eab,議案全体,議案本文・概要資料のいずれにも記載がない,needs_source,step4-content-r8-2
shinjuku-2026-r2-gian-44,hard,content,B44-H-12,新宿区基本構想審議会の設置状況・答申の有無・時期は出典に記載がない,https://www.city.shinjuku.lg.jp/content/000457643.pdf,fe0e6cc914f3a9753a90bb19ab4c8090147fb1aa24bc959a321fb353c31c8eab,第2条第1号,条文は審議会条例を引用するのみで、答申の実績には触れていない,needs_source,step4-content-r8-2
shinjuku-2026-r2-gian-44,hard,content,B44-H-13,地方自治法第96条第2項に基づき既に議決事件とされている他の事項の有無は出典に記載がない,https://www.city.shinjuku.lg.jp/content/000457643.pdf,fe0e6cc914f3a9753a90bb19ab4c8090147fb1aa24bc959a321fb353c31c8eab,議案全体,議案本文・概要資料のいずれにも記載がない,needs_source,step4-content-r8-2
shinjuku-2026-r2-gian-44,hard,summary,B44-H-14,要約の内容はいずれも本文の主張と同一,https://www.city.shinjuku.lg.jp/content/000457643.pdf,fe0e6cc914f3a9753a90bb19ab4c8090147fb1aa24bc959a321fb353c31c8eab,改め文全般,"（本文 B44-H-01, H-03, H-04, H-09 と同一の記載）",supported,step4-content-r8-2
shinjuku-2026-r2-shonin-2,normal,content,S2-N-01,地方自治法（昭和22年法律第67号）第179条第1項は、特に緊急を要して議会を招集する時間的余裕がないことが明らかであると認めるときに区長が処分できるとする,https://www.city.shinjuku.lg.jp/content/000457641.pdf,dc7ec4b2f70eac312c9cab76a20b47fdd0f5c18e02105a43fb1b03d22434ce46,告示第202号,特に緊急を要するため新宿区議会を招集する時間的余裕がないことが明らかであると認め、地方自治法（昭和 22 年法律第 67 号）第 179 条第 1 項の規定により次のとおり処分した,supported,step4-content-r8-2
shinjuku-2026-r2-shonin-2,normal,content,S2-N-02,専決処分をしたときは同条第3項により議会に報告して承認を求めなければならない,https://www.city.shinjuku.lg.jp/content/000457641.pdf,dc7ec4b2f70eac312c9cab76a20b47fdd0f5c18e02105a43fb1b03d22434ce46,承認第2号 本文,同条第 3 項の規定に基づき、別紙のとおりその処置について報告し、承認を求める,supported,step4-content-r8-2
shinjuku-2026-r2-shonin-2,normal,content,S2-N-03,議決結果は「可決」ではなく「承認」と表記される,https://www.city.shinjuku.lg.jp/kusei/soumu01_002090_00016.html,72349f6e321e79ccc3076036e07386763398510bfb6bb2154b4cd3d6a2d85d58,議決結果ページ,承認第2号 承認,supported,step4-content-r8-2
shinjuku-2026-r2-shonin-2,normal,content,S2-N-04,議決すべき事件は新宿区特別区税条例（昭和39年新宿区条例第57号）の一部を改正する件,https://www.city.shinjuku.lg.jp/content/000457641.pdf,dc7ec4b2f70eac312c9cab76a20b47fdd0f5c18e02105a43fb1b03d22434ce46,告示 1 議決すべき事件,新宿区特別区税条例（昭和 39 年新宿区条例第 57 号）の一部を改正する件,supported,step4-content-r8-2
shinjuku-2026-r2-shonin-2,normal,content,S2-N-05,処分した日は令和8年3月31日,https://www.city.shinjuku.lg.jp/content/000457641.pdf,dc7ec4b2f70eac312c9cab76a20b47fdd0f5c18e02105a43fb1b03d22434ce46,告示 2 処分した日,令和 8 年 3 月 31 日,supported,step4-content-r8-2
shinjuku-2026-r2-shonin-2,normal,content,S2-N-06,告示番号は新宿区告示第202号,https://www.city.shinjuku.lg.jp/content/000457641.pdf,dc7ec4b2f70eac312c9cab76a20b47fdd0f5c18e02105a43fb1b03d22434ce46,告示冒頭,新宿区告示第２０２号,supported,step4-content-r8-2
shinjuku-2026-r2-shonin-2,normal,content,S2-N-07,理由は地方税法等の一部を改正する法律（令和8年法律第2号）が令和8年3月31日に公布され同年4月1日から施行されることに伴うもの,https://www.city.shinjuku.lg.jp/content/000457641.pdf,dc7ec4b2f70eac312c9cab76a20b47fdd0f5c18e02105a43fb1b03d22434ce46,告示 3 理由,地方税法等の一部を改正する法律（令和 8 年法律第 2 号）が令和 8 年 3 月 31 日に公布され同年 4 月 1 日から施行されることに伴い、緊急に新宿区特別区税条例の一部を改正しこれを施行するに当たり、新宿区議会を招集する時間的余裕がないことが明らかであるため,supported,step4-content-r8-2
shinjuku-2026-r2-shonin-2,normal,content,S2-N-08,軽自動車税の環境性能割を廃止するとともに現行の種別割を軽自動車税に名称変更する,https://www.city.shinjuku.lg.jp/content/000456353.pdf,e1be5ac0c08d22dc59916c81fd24bd972ef44b601f8cd65ba76fc5d1f9d35c92,承認第2号の欄 ［主な制定内容］⑴,軽自動車税の環境性能割を廃止するとともに、現行の種別割を軽自動車税に名称変更する。,supported,step4-content-r8-2
shinjuku-2026-r2-shonin-2,normal,content,S2-N-09,グリーン化特例は取得した日の属する年度の翌年度分の税率を軽減するもので、75%軽減の対象とする特例を令和10年度まで2年間延長する,https://www.city.shinjuku.lg.jp/content/000456353.pdf,e1be5ac0c08d22dc59916c81fd24bd972ef44b601f8cd65ba76fc5d1f9d35c92,承認第2号の欄 ［主な制定内容］⑵,取得した日の属する年度の翌年度分の軽自動車税の税率を軽減するグリーン化特例について、75％軽減の対象とする特例を令和 10 年度まで 2 年間延長する。,supported,step4-content-r8-2
shinjuku-2026-r2-shonin-2,normal,content,S2-N-10,区民税の住宅ローン控除の適用期間を令和12年12月31日までの居住開始分まで5年間延長する,https://www.city.shinjuku.lg.jp/content/000456353.pdf,e1be5ac0c08d22dc59916c81fd24bd972ef44b601f8cd65ba76fc5d1f9d35c92,承認第2号の欄 ［主な制定内容］⑶,区民税の住宅ローン控除（住宅借入金等特別税額控除）の適用期間を令和 12 年 12 月 31 日までの居住開始分まで 5 年間延長する。,supported,step4-content-r8-2
shinjuku-2026-r2-shonin-2,normal,content,S2-N-11,優良住宅地の造成等のための譲渡に係る特例の適用期限を令和11年度まで3年間延長する,https://www.city.shinjuku.lg.jp/content/000456353.pdf,e1be5ac0c08d22dc59916c81fd24bd972ef44b601f8cd65ba76fc5d1f9d35c92,承認第2号の欄 ［主な制定内容］⑷ア,特例の適用期限を令和 11 年度まで 3 年間延長する。,supported,step4-content-r8-2
shinjuku-2026-r2-shonin-2,normal,content,S2-N-12,地すべり防止区域・急傾斜地崩壊危険区域・土砂災害特別警戒区域・浸水被害防止区域内の土地等の譲渡には特例を適用できないこととする,https://www.city.shinjuku.lg.jp/content/000456353.pdf,e1be5ac0c08d22dc59916c81fd24bd972ef44b601f8cd65ba76fc5d1f9d35c92,承認第2号の欄 ［主な制定内容］⑷イ,譲渡をした土地等が、その譲渡をした時において地すべり防止区域、急傾斜地崩壊危険区域、土砂災害特別警戒区域又は浸水被害防止区域内に存する場合には、特例を適用することができないこととする。,supported,step4-content-r8-2
shinjuku-2026-r2-shonin-2,normal,content,S2-N-13,原則の施行日は令和8年4月1日、住宅ローン控除の延長は令和9年1月1日、⑷イは令和10年1月1日,https://www.city.shinjuku.lg.jp/content/000456353.pdf,e1be5ac0c08d22dc59916c81fd24bd972ef44b601f8cd65ba76fc5d1f9d35c92,承認第2号の欄 ［施行日］,令和 8 年 4 月 1 日。ただし、上記⑶については令和 9 年 1 月 1 日、上記⑷イについては令和 10 年 1 月 1 日,supported,step4-content-r8-2
shinjuku-2026-r2-shonin-2,normal,content,S2-N-14,改正後の軽自動車税の規定は令和8年度以後の年度分に適用し、令和7年度分までの種別割は従前の例による,https://www.city.shinjuku.lg.jp/content/000457641.pdf,dc7ec4b2f70eac312c9cab76a20b47fdd0f5c18e02105a43fb1b03d22434ce46,附則第3条第1項,この条例による改正後の新宿区特別区税条例の規定中軽自動車税に関する部分は、令和 8 年度以後の年度分の軽自動車税について適用し、令和 7 年度分までの軽自動車税の種別割については、なお従前の例による。,supported,step4-content-r8-2
shinjuku-2026-r2-shonin-2,normal,content,S2-N-15,施行日前に取得された三輪以上の軽自動車に課する環境性能割も従前の例による,https://www.city.shinjuku.lg.jp/content/000457641.pdf,dc7ec4b2f70eac312c9cab76a20b47fdd0f5c18e02105a43fb1b03d22434ce46,附則第3条第2項,この条例の施行の日前に取得された三輪以上の軽自動車に対して課する軽自動車税の環境性能割については、なお従前の例による。,supported,step4-content-r8-2
shinjuku-2026-r2-shonin-2,normal,content,S2-N-16,提出日は令和8年6月10日、提出者は新宿区長 吉住健一,https://www.city.shinjuku.lg.jp/content/000457641.pdf,dc7ec4b2f70eac312c9cab76a20b47fdd0f5c18e02105a43fb1b03d22434ce46,承認第2号 末尾,令和８年６月１０日 提出者 新宿区長 吉住健一,supported,step4-content-r8-2
shinjuku-2026-r2-shonin-2,normal,content,S2-N-17,令和8年第2回定例会（会期6月10日〜6月19日）で承認された,https://www.city.shinjuku.lg.jp/kusei/soumu01_002090_00016.html,72349f6e321e79ccc3076036e07386763398510bfb6bb2154b4cd3d6a2d85d58,議決結果ページ,承認第2号 承認,supported,step4-content-r8-2
shinjuku-2026-r2-shonin-2,normal,summary,S2-N-18,要約の内容はいずれも本文の主張と同一,https://www.city.shinjuku.lg.jp/content/000457641.pdf,dc7ec4b2f70eac312c9cab76a20b47fdd0f5c18e02105a43fb1b03d22434ce46,全般,"（本文 S2-N-01, N-07, N-08, N-10, N-17 と同一の記載）",supported,step4-content-r8-2
shinjuku-2026-r2-shonin-2,hard,content,S2-H-01,地方自治法第179条第1項に基づき令和8年3月31日付けで専決処分し、同条第3項に基づき承認を求めるものである,https://www.city.shinjuku.lg.jp/content/000457641.pdf,dc7ec4b2f70eac312c9cab76a20b47fdd0f5c18e02105a43fb1b03d22434ce46,承認第2号 本文,新宿区特別区税条例の一部を改正する件については、地方自治法（昭和 22 年法律第 67 号）第 179 条第 1 項の規定に基づき、令和 8 年 3 月 31 日付けで専決処分したので、同条第 3 項の規定に基づき、別紙のとおりその処置について報告し、承認を求める。,supported,step4-content-r8-2
shinjuku-2026-r2-shonin-2,hard,content,S2-H-02,議決結果の公式用語は「承認」である,https://www.city.shinjuku.lg.jp/kusei/soumu01_002090_00016.html,72349f6e321e79ccc3076036e07386763398510bfb6bb2154b4cd3d6a2d85d58,議決結果ページ,承認第2号 承認,supported,step4-content-r8-2
shinjuku-2026-r2-shonin-2,hard,content,S2-H-03,告示第202号の本文引用,https://www.city.shinjuku.lg.jp/content/000457641.pdf,dc7ec4b2f70eac312c9cab76a20b47fdd0f5c18e02105a43fb1b03d22434ce46,告示第202号,（S2-N-01 と同一）,supported,step4-content-r8-2
shinjuku-2026-r2-shonin-2,hard,content,S2-H-04,告示の議決すべき事件・処分した日・理由の3項目,https://www.city.shinjuku.lg.jp/content/000457641.pdf,dc7ec4b2f70eac312c9cab76a20b47fdd0f5c18e02105a43fb1b03d22434ce46,告示 1〜3,"（S2-N-04, N-05, N-07 と同一）",supported,step4-content-r8-2
shinjuku-2026-r2-shonin-2,hard,content,S2-H-05,概要資料の［主な制定内容］4点の引用,https://www.city.shinjuku.lg.jp/content/000456353.pdf,e1be5ac0c08d22dc59916c81fd24bd972ef44b601f8cd65ba76fc5d1f9d35c92,承認第2号の欄,（S2-N-08〜N-12 と同一）,supported,step4-content-r8-2
shinjuku-2026-r2-shonin-2,hard,content,S2-H-06,第37条は第1項から環境性能割・種別割に係る文言を削り、第2項を削り、第3項を第2項とする,https://www.city.shinjuku.lg.jp/content/000457641.pdf,dc7ec4b2f70eac312c9cab76a20b47fdd0f5c18e02105a43fb1b03d22434ce46,改め文 第37条,第 37 条第 1 項中「、三輪以上の軽自動車に対し、当該三輪以上の軽自動車の取得者に環境性能割によつて」を削り…同条第 2 項を削り、同条第 3 項中「種別割」を「軽自動車税」に…同項を同条第 2 項とする。,supported,step4-content-r8-2
shinjuku-2026-r2-shonin-2,hard,content,S2-H-07,第37条の2は第1項・第2項から三輪以上の軽自動車の取得者に係る文言を削り、第3項及び第4項を削る,https://www.city.shinjuku.lg.jp/content/000457641.pdf,dc7ec4b2f70eac312c9cab76a20b47fdd0f5c18e02105a43fb1b03d22434ce46,改め文 第37条の2,第 37 条の 2 第 1 項中「、軽自動車税の賦課徴収については」及び「前条第 1 項に規定する三輪以上の軽自動車の取得者…」を削り、同条第 2 項中「三輪以上の軽自動車の取得者又は」を削り、同条第 3 項及び第 4 項を削る。,supported,step4-content-r8-2
shinjuku-2026-r2-shonin-2,hard,content,S2-H-08,第37条の4から第37条の9までを削る,https://www.city.shinjuku.lg.jp/content/000457641.pdf,dc7ec4b2f70eac312c9cab76a20b47fdd0f5c18e02105a43fb1b03d22434ce46,改め文 第37条の4〜9,第 37 条の 4 から第 37 条の 9 までを削る。,supported,step4-content-r8-2
shinjuku-2026-r2-shonin-2,hard,content,S2-H-09,第38条・第39条・第40条・第42条（いずれも見出しを含む）中「種別割」を「軽自動車税」に改める,https://www.city.shinjuku.lg.jp/content/000457641.pdf,dc7ec4b2f70eac312c9cab76a20b47fdd0f5c18e02105a43fb1b03d22434ce46,改め文 第38〜42条,第 38 条（見出しを含む。）、第 39 条（見出しを含む。）、第 40 条（見出しを含む。）及び第 42 条（見出しを含む。）中「種別割」を「軽自動車税」に改める。,supported,step4-content-r8-2
shinjuku-2026-r2-shonin-2,hard,content,S2-H-10,第43条は見出しおよび第1項〜第3項の「種別割」を改めるとともに、申告書の様式を施行規則第33号の4様式・第33号の5様式・第34号様式に改める,https://www.city.shinjuku.lg.jp/content/000457641.pdf,dc7ec4b2f70eac312c9cab76a20b47fdd0f5c18e02105a43fb1b03d22434ce46,改め文 第43条,第 43 条の見出し中「種別割」を「軽自動車税」に改め、同条第 1 項中…「規則で定める」を「軽自動車及び二輪の小型自動車の所有者又は使用者にあつては施行規則第 33 号の 4 様式による申告書、原動機付自転車及び小型特殊自動車の所有者又は使用者にあつては施行規則第 33 号の 5 様式による」に改め…同条第 3 項中…「施行規則第 34 号様式による」に改める。,supported,step4-content-r8-2
shinjuku-2026-r2-shonin-2,hard,content,S2-H-11,第45条第2項は引用を「第37条第3項ただし書」から「第37条第2項ただし書」に改める,https://www.city.shinjuku.lg.jp/content/000457641.pdf,dc7ec4b2f70eac312c9cab76a20b47fdd0f5c18e02105a43fb1b03d22434ce46,改め文 第45条,第 45 条第 2 項中「第 37 条第 3 項ただし書」を「第 37 条第 2 項ただし書」に、「種別割」を「軽自動車税」に改め、同条第 9 項中「種別割」を「軽自動車税」に改める。,supported,step4-content-r8-2
shinjuku-2026-r2-shonin-2,hard,content,S2-H-12,第44条見出し・第46条・第46条の2の「種別割」を「軽自動車税」に改める,https://www.city.shinjuku.lg.jp/content/000457641.pdf,dc7ec4b2f70eac312c9cab76a20b47fdd0f5c18e02105a43fb1b03d22434ce46,改め文 第44・46・46条の2,第 44 条の見出し中「種別割」を「軽自動車税」に改める。第 46 条（見出しを含む。）中…第 46 条の 2 の見出し並びに同条第 1 項、第 2 項及び第 4 項中「種別割」を「軽自動車税」に改める。,supported,step4-content-r8-2
shinjuku-2026-r2-shonin-2,hard,content,S2-H-13,付則第6条第3項は「令和4年4月1日」を「令和7年4月1日」に、「令和8年3月31日」を「令和10年3月31日」に改め、第7項及び第8項を削る,https://www.city.shinjuku.lg.jp/content/000457641.pdf,dc7ec4b2f70eac312c9cab76a20b47fdd0f5c18e02105a43fb1b03d22434ce46,改め文 付則第6条,同条第 3 項中「令和 4 年 4 月 1 日」を「令和 7 年 4 月 1 日」に、「令和 8 年 3 月 31 日」を「令和 10 年 3 月 31 日」に改め、「の種別割」を削り…同条第 7 項及び第 8 項を削る。,supported,step4-content-r8-2
shinjuku-2026-r2-shonin-2,hard,content,S2-H-14,付則第7条は見出し及び本文中「の種別割」を削る,https://www.city.shinjuku.lg.jp/content/000457641.pdf,dc7ec4b2f70eac312c9cab76a20b47fdd0f5c18e02105a43fb1b03d22434ce46,改め文 付則第7条,付則第 7 条の見出し中「の種別割」を削り、同条第 1 項中「の種別割」を削り、「、第 5 項又は第 7 項」を「又は第 5 項」に改め、同条第 2 項及び第 3 項中「の種別割」を削る。,supported,step4-content-r8-2
shinjuku-2026-r2-shonin-2,hard,content,S2-H-15,付則第3条の2は前の見出しを削り「第3条の2 削除」に改める,https://www.city.shinjuku.lg.jp/content/000457641.pdf,dc7ec4b2f70eac312c9cab76a20b47fdd0f5c18e02105a43fb1b03d22434ce46,改め文 付則第3条の2,付則第 3 条の 2 の前の見出しを削り、同条を次のように改める。第 3 条の 2 削除,supported,step4-content-r8-2
shinjuku-2026-r2-shonin-2,hard,content,S2-H-16,付則第3条の3は見出しとして「（区民税の住宅借入金等特別税額控除）」を付し、第1項中「令和20年度」を「令和25年度」に、「令和7年」を「令和12年」に改める,https://www.city.shinjuku.lg.jp/content/000457641.pdf,dc7ec4b2f70eac312c9cab76a20b47fdd0f5c18e02105a43fb1b03d22434ce46,改め文 付則第3条の3,付則第 3 条の 3 に見出しとして「（区民税の住宅借入金等特別税額控除）」を付し、同条第 1 項中「令和 20 年度」を「令和 25 年度」に改め…「令和 7 年」を「令和 12 年」に改め,supported,step4-content-r8-2
shinjuku-2026-r2-shonin-2,hard,content,S2-H-17,付則第4条第1項中「令和9年度」を「令和12年度」に改める,https://www.city.shinjuku.lg.jp/content/000457641.pdf,dc7ec4b2f70eac312c9cab76a20b47fdd0f5c18e02105a43fb1b03d22434ce46,改め文 付則第4条,付則第 4 条第 1 項中「令和 9 年度」を「令和 12 年度」に改め、同条第 2 項中「、付則第 3 条の 2 第 1 項」を削る。,supported,step4-content-r8-2
shinjuku-2026-r2-shonin-2,hard,content,S2-H-18,付則第11条第1項・第2項中「令和8年度」を「令和11年度」に改め、第2項は附則第34条の2の項番号の引用も改める,https://www.city.shinjuku.lg.jp/content/000457641.pdf,dc7ec4b2f70eac312c9cab76a20b47fdd0f5c18e02105a43fb1b03d22434ce46,改め文 付則第11条,付則第 11 条第 1 項中「令和 8 年度」を「令和 11 年度」に改め、同条第 2 項中「令和 8 年度」を「令和 11 年度」に、「附則第 34 条の 2 第 5 項」を「附則第 34 条の 2 第 6 項」に、「附則第 34 条の 2 第 10 項」を「附則第 34 条の 2 第 12 項」に改め,supported,step4-content-r8-2
shinjuku-2026-r2-shonin-2,hard,content,S2-H-19,付則第11条に加えられる第4項は、租税特別措置法第31条の2第2項第13号から第15号までに掲げる土地等の譲渡について、災害危険区域内にあるときは優良住宅地等のための譲渡に該当しないものとみなす,https://www.city.shinjuku.lg.jp/content/000457641.pdf,dc7ec4b2f70eac312c9cab76a20b47fdd0f5c18e02105a43fb1b03d22434ce46,改め文 付則第11条第4項,所得割の納税義務者が、租税特別措置法第 31 条の 2 第 2 項第 13 号から第 15 号までに掲げる土地等の譲渡に該当するものをしたとき…当該土地等の譲渡は、第 1 項又は第 2 項に規定する優良住宅地等のための譲渡又は確定優良住宅地等予定地のための譲渡に該当しないものとみなす。,supported,step4-content-r8-2
shinjuku-2026-r2-shonin-2,hard,content,S2-H-20,対象区域は地すべり等防止法（昭和33年法律第30号）第3条第1項の地すべり防止区域ほか4区域,https://www.city.shinjuku.lg.jp/content/000457641.pdf,dc7ec4b2f70eac312c9cab76a20b47fdd0f5c18e02105a43fb1b03d22434ce46,改め文 付則第11条第4項,地すべり等防止法（昭和 33 年法律第 30 号）第 3 条第 1 項の地すべり防止区域、急傾斜地の崩壊による災害の防止に関する法律（昭和 44 年法律第 57 号）第 3 条第 1 項の急傾斜地崩壊危険区域、土砂災害警戒区域等における土砂災害防止対策の推進に関する法律（平成 12 年法律第 57 号）第 9 条第 1 項の土砂災害特別警戒区域又は特定都市河川浸水被害対策法（平成 15 年法律第 77 号）第 56 条第 1 項の浸水被害防止区域,supported,step4-content-r8-2
shinjuku-2026-r2-shonin-2,hard,content,S2-H-21,附則第1条は原則令和8年4月1日施行、第1号は令和9年1月1日、第2号は令和10年1月1日,https://www.city.shinjuku.lg.jp/content/000457641.pdf,dc7ec4b2f70eac312c9cab76a20b47fdd0f5c18e02105a43fb1b03d22434ce46,附則第1条,この条例は、令和 8 年 4 月 1 日から施行する。ただし…⑴…令和 9 年 1 月 1 日 ⑵…令和 10 年 1 月 1 日,supported,step4-content-r8-2
shinjuku-2026-r2-shonin-2,hard,content,S2-H-22,附則第1条第1号の対象は付則第3条の3第1項の改正規定のうち2つの部分に限られる,https://www.city.shinjuku.lg.jp/content/000457641.pdf,dc7ec4b2f70eac312c9cab76a20b47fdd0f5c18e02105a43fb1b03d22434ce46,附則第1条第1号,付則第 3 条の 3 第 1 項の改正規定（「令和 20 年度」を「令和 25 年度」に改める部分及び「令和 7 年」を「令和 12 年」に改める部分に限る。）及び次条第 1 項の規定,supported,step4-content-r8-2
shinjuku-2026-r2-shonin-2,hard,content,S2-H-23,附則第1条第2号の対象は付則第11条の改正規定のうち令和8年度を令和11年度に改める部分を除いたもの,https://www.city.shinjuku.lg.jp/content/000457641.pdf,dc7ec4b2f70eac312c9cab76a20b47fdd0f5c18e02105a43fb1b03d22434ce46,附則第1条第2号,付則第 11 条の改正規定（同条第 1 項及び第 2 項中「令和 8 年度」を「令和 11 年度」に改める部分を除く。）及び次条第 2 項の規定,supported,step4-content-r8-2
shinjuku-2026-r2-shonin-2,hard,content,S2-H-24,附則第2条第1項は令和8年1月1日を境に新旧の租税特別措置法第41条第1項の規定を適用し分ける。改正法は所得税法等の一部を改正する法律（令和8年法律第12号）,https://www.city.shinjuku.lg.jp/content/000457641.pdf,dc7ec4b2f70eac312c9cab76a20b47fdd0f5c18e02105a43fb1b03d22434ce46,附則第2条第1項,納税義務者が令和 8 年 1 月 1 日以後に所得税法等の一部を改正する法律（令和 8 年法律第 12 号。以下「所得税法等改正法」という。）第 7 条の規定による改正後の租税特別措置法（昭和 32 年法律第 26 号）第 41 条第 1 項に規定する居住用家屋…について適用し、…同日前に…した場合については、なお従前の例による。,supported,step4-content-r8-2
shinjuku-2026-r2-shonin-2,hard,content,S2-H-25,附則第2条第2項は付則第11条第4項を令和10年1月1日以後に行う土地等の譲渡について適用する,https://www.city.shinjuku.lg.jp/content/000457641.pdf,dc7ec4b2f70eac312c9cab76a20b47fdd0f5c18e02105a43fb1b03d22434ce46,附則第2条第2項,前条第 2 号に掲げる規定による改正後の新宿区特別区税条例付則第 11 条第 4 項の規定は、区民税の所得割の納税義務者が同号に掲げる規定の施行の日以後に行う同条第 1 項の土地等の譲渡について適用する。,supported,step4-content-r8-2
shinjuku-2026-r2-shonin-2,hard,content,S2-H-26,附則第3条の軽自動車税に関する経過措置,https://www.city.shinjuku.lg.jp/content/000457641.pdf,dc7ec4b2f70eac312c9cab76a20b47fdd0f5c18e02105a43fb1b03d22434ce46,附則第3条,"（S2-N-14, N-15 と同一）",supported,step4-content-r8-2
shinjuku-2026-r2-shonin-2,hard,content,S2-H-27,附則第4条は新宿区特別区税条例の一部を改正する条例（平成26年新宿区条例第16号）附則第5条第1項中「の種別割」を削る,https://www.city.shinjuku.lg.jp/content/000457641.pdf,dc7ec4b2f70eac312c9cab76a20b47fdd0f5c18e02105a43fb1b03d22434ce46,附則第4条,新宿区特別区税条例の一部を改正する条例（平成 26 年新宿区条例第 16 号）の一部を次のように改正する。附則第 5 条第 1 項中「の種別割」を削る。,supported,step4-content-r8-2
shinjuku-2026-r2-shonin-2,hard,content,S2-H-28,改正前後の確定条文は出典に含まれない,https://www.city.shinjuku.lg.jp/content/000457641.pdf,dc7ec4b2f70eac312c9cab76a20b47fdd0f5c18e02105a43fb1b03d22434ce46,改め文全体,議案は改め文形式であり、改正前後の条文全体は掲載されていない,needs_source,step4-content-r8-2
shinjuku-2026-r2-shonin-2,hard,content,S2-H-29,本改正による区税の増減見込額・対象納税義務者数・車両台数は出典に記載がない,https://www.city.shinjuku.lg.jp/content/000457641.pdf,dc7ec4b2f70eac312c9cab76a20b47fdd0f5c18e02105a43fb1b03d22434ce46,議案全体,議案本文・概要資料のいずれにも記載がない,needs_source,step4-content-r8-2
shinjuku-2026-r2-shonin-2,hard,content,S2-H-30,グリーン化特例の軽減割合ごとの対象車種・基準は出典に記載がない,https://www.city.shinjuku.lg.jp/content/000456353.pdf,e1be5ac0c08d22dc59916c81fd24bd972ef44b601f8cd65ba76fc5d1f9d35c92,承認第2号の欄 ⑵,概要資料の記載は「75％軽減の対象とする特例を…延長する」までである,needs_source,step4-content-r8-2
shinjuku-2026-r2-shonin-2,hard,content,S2-H-31,専決処分に至る庁内手続の経緯・議会への事前説明の有無は出典に記載がない,https://www.city.shinjuku.lg.jp/content/000457641.pdf,dc7ec4b2f70eac312c9cab76a20b47fdd0f5c18e02105a43fb1b03d22434ce46,議案全体,議案本文・告示のいずれにも記載がない,needs_source,step4-content-r8-2
shinjuku-2026-r2-shonin-2,hard,content,S2-H-32,同日に専決処分された承認第3号との事務的な関係は出典に記載がない,https://www.city.shinjuku.lg.jp/content/000456353.pdf,e1be5ac0c08d22dc59916c81fd24bd972ef44b601f8cd65ba76fc5d1f9d35c92,承認第3号の欄,概要資料は承認第3号を別個の専決処分事件として記載するのみである,needs_source,step4-content-r8-2
shinjuku-2026-r2-shonin-2,hard,summary,S2-H-33,要約の内容はいずれも本文の主張と同一,https://www.city.shinjuku.lg.jp/content/000457641.pdf,dc7ec4b2f70eac312c9cab76a20b47fdd0f5c18e02105a43fb1b03d22434ce46,全般,"（本文 S2-H-01, H-06〜H-08, H-16, H-19 と同一の記載）",supported,step4-content-r8-2
